Traffic,Method,User-Agent,Pragma,Cache-Control,Accept,Accept-encoding,Accept-charset,language,host,cookie,content-type,connection,lenght,content,URL
Anomalous,GET,Mozilla/5.0 (compatible; Konqueror/3.5; Linux) KHTML/3.5.8 (like Gecko),no-cache,no-cache,"text/xml,application/xml,application/xhtml+xml,text/html;q=0.9,text/plain;q=0.8,image/png,*/*;q=0.5","x-gzip, x-deflate, gzip, deflate","utf-8, utf-8;q=0.5, *;q=0.5",en,localhost:8080,JSESSIONID=B92A8B48B9008CD29F622A994E0F650D,,close,,,http://localhost:8080/tienda1/publico/anadir.jsp?id=2&nombre=Jam%F3n+Ib%E9rico&precio=85&cantidad=%27%3B+DROP+TABLE+usuarios%3B+SELECT+*+FROM+datos+WHERE+nombre+LIKE+%27%25&B1=A%F1adir+al+carrito HTTP/1.1
Normal,GET,Mozilla/5.0 (compatible; Konqueror/3.5; Linux) KHTML/3.5.8 (like Gecko),no-cache,no-cache,"text/xml,application/xml,application/xhtml+xml,text/html;q=0.9,text/plain;q=0.8,image/png,*/*;q=0.5","x-gzip, x-deflate, gzip, deflate","utf-8, utf-8;q=0.5, *;q=0.5",en,localhost:8080,JSESSIONID=81761ACA043B0E6014CA42A4BCD06AB5,,close,,,http://localhost:8080/tienda1/publico/anadir.jsp?id=3&nombre=Vino+Rioja&precio=100&cantidad=55&B1=A%F1adir+al+carrito HTTP/1.1
Anomalous,GET,Mozilla/5.0 (compatible; Konqueror/3.5; Linux) KHTML/3.5.8 (like Gecko),no-cache,no-cache,"text/xml,application/xml,application/xhtml+xml,text/html;q=0.9,text/plain;q=0.8,image/png,*/*;q=0.5","x-gzip, x-deflate, gzip, deflate","utf-8, utf-8;q=0.5, *;q=0.5",en,localhost:8080,JSESSIONID=F563B5262843F12ECAE41815ABDEEA54,,close,,,http://localhost:8080/tienda1/publico/anadir.jsp?id=2%2F&nombre=Jam%F3n+Ib%E9rico&precio=85&cantidad=49&B1=A%F1adir+al+carrito HTTP/1.1
Anomalous,POST,Mozilla/5.0 (compatible; Konqueror/3.5; Linux) KHTML/3.5.8 (like Gecko),no-cache,no-cache,"text/xml,application/xml,application/xhtml+xml,text/html;q=0.9,text/plain;q=0.8,image/png,*/*;q=0.5","x-gzip, x-deflate, gzip, deflate","utf-8, utf-8;q=0.5, *;q=0.5",en,localhost:8080,JSESSIONID=3B654D6DF7F1466EE80D7F756B00E5D1,application/x-www-form-urlencoded,Connection: close,Content-Length: 77,id=2%2F&nombre=Jam%F3n+Ib%E9rico&precio=85&cantidad=49&B1=A%F1adir+al+carrito,http://localhost:8080/tienda1/publico/anadir.jsp HTTP/1.1
Normal,POST,Mozilla/5.0 (compatible; Konqueror/3.5; Linux) KHTML/3.5.8 (like Gecko),no-cache,no-cache,"text/xml,application/xml,application/xhtml+xml,text/html;q=0.9,text/plain;q=0.8,image/png,*/*;q=0.5","x-gzip, x-deflate, gzip, deflate","utf-8, utf-8;q=0.5, *;q=0.5",en,localhost:8080,JSESSIONID=417DBC69B2F909CCD574CFC69F56779F,application/x-www-form-urlencoded,Connection: close,Content-Length: 4,id=2,http://localhost:8080/tienda1/publico/caracteristicas.jsp HTTP/1.1
Anomalous,GET,Mozilla/5.0 (compatible; Konqueror/3.5; Linux) KHTML/3.5.8 (like Gecko),no-cache,no-cache,"text/xml,application/xml,application/xhtml+xml,text/html;q=0.9,text/plain;q=0.8,image/png,*/*;q=0.5","x-gzip, x-deflate, gzip, deflate","utf-8, utf-8;q=0.5, *;q=0.5",en,localhost:8080,JSESSIONID=AC0EEEDD09663CB36C67DD1B787B0CF5,,close,,,http://localhost:8080/tienda1/publico/autenticar.jsp?modo=entrar&login=bob%40%3CSCRipt%3Ealert%28Paros%29%3C%2FscrIPT%3E.parosproxy.org&pwd=84m3ri156&remember=on&B1=Entrar HTTP/1.1
Normal,GET,Mozilla/5.0 (compatible; Konqueror/3.5; Linux) KHTML/3.5.8 (like Gecko),no-cache,no-cache,"text/xml,application/xml,application/xhtml+xml,text/html;q=0.9,text/plain;q=0.8,image/png,*/*;q=0.5","x-gzip, x-deflate, gzip, deflate","utf-8, utf-8;q=0.5, *;q=0.5",en,localhost:8080,JSESSIONID=1F767F17239C9B670A39E9B10C3825F4,,close,,,http://localhost:8080/tienda1/index.jsp HTTP/1.1
Anomalous,GET,Mozilla/5.0 (compatible; Konqueror/3.5; Linux) KHTML/3.5.8 (like Gecko),no-cache,no-cache,"text/xml,application/xml,application/xhtml+xml,text/html;q=0.9,text/plain;q=0.8,image/png,*/*;q=0.5","x-gzip, x-deflate, gzip, deflate","utf-8, utf-8;q=0.5, *;q=0.5",en,localhost:8080,JSESSIONID=51A7470173188BBB993947F2283059E4,,close,,,http://localhost:8080/asf-logo-wide.gif~ HTTP/1.1
Normal,POST,Mozilla/5.0 (compatible; Konqueror/3.5; Linux) KHTML/3.5.8 (like Gecko),no-cache,no-cache,"text/xml,application/xml,application/xhtml+xml,text/html;q=0.9,text/plain;q=0.8,image/png,*/*;q=0.5","x-gzip, x-deflate, gzip, deflate","utf-8, utf-8;q=0.5, *;q=0.5",en,localhost:8080,JSESSIONID=933185092E0B668B90676E0A2B0767AF,application/x-www-form-urlencoded,Connection: close,Content-Length: 68,id=3&nombre=Vino+Rioja&precio=100&cantidad=55&B1=A%F1adir+al+carrito,http://localhost:8080/tienda1/publico/anadir.jsp HTTP/1.1
Normal,GET,Mozilla/5.0 (compatible; Konqueror/3.5; Linux) KHTML/3.5.8 (like Gecko),no-cache,no-cache,"text/xml,application/xml,application/xhtml+xml,text/html;q=0.9,text/plain;q=0.8,image/png,*/*;q=0.5","x-gzip, x-deflate, gzip, deflate","utf-8, utf-8;q=0.5, *;q=0.5",en,localhost:8080,JSESSIONID=8FA18BA82C5336D03D3A8AFA3E68CBB0,,close,,,http://localhost:8080/tienda1/publico/autenticar.jsp?modo=entrar&login=choong&pwd=d1se3ci%F3n&remember=off&B1=Entrar HTTP/1.1
Normal,POST,Mozilla/5.0 (compatible; Konqueror/3.5; Linux) KHTML/3.5.8 (like Gecko),no-cache,no-cache,"text/xml,application/xml,application/xhtml+xml,text/html;q=0.9,text/plain;q=0.8,image/png,*/*;q=0.5","x-gzip, x-deflate, gzip, deflate","utf-8, utf-8;q=0.5, *;q=0.5",en,localhost:8080,JSESSIONID=7104E6C68A6BCF1423DAE990CE49FEE2,application/x-www-form-urlencoded,Connection: close,Content-Length: 63,modo=entrar&login=choong&pwd=d1se3ci%F3n&remember=off&B1=Entrar,http://localhost:8080/tienda1/publico/autenticar.jsp HTTP/1.1
Normal,GET,Mozilla/5.0 (compatible; Konqueror/3.5; Linux) KHTML/3.5.8 (like Gecko),no-cache,no-cache,"text/xml,application/xml,application/xhtml+xml,text/html;q=0.9,text/plain;q=0.8,image/png,*/*;q=0.5","x-gzip, x-deflate, gzip, deflate","utf-8, utf-8;q=0.5, *;q=0.5",en,localhost:8080,JSESSIONID=5254A7A7C7F0E74D699E6A9C9487795A,,close,,,http://localhost:8080/tienda1/publico/caracteristicas.jsp?id=2 HTTP/1.1
Anomalous,POST,Mozilla/5.0 (compatible; Konqueror/3.5; Linux) KHTML/3.5.8 (like Gecko),no-cache,no-cache,"text/xml,application/xml,application/xhtml+xml,text/html;q=0.9,text/plain;q=0.8,image/png,*/*;q=0.5","x-gzip, x-deflate, gzip, deflate","utf-8, utf-8;q=0.5, *;q=0.5",en,localhost:8080,JSESSIONID=AE29AEEBDE479D5E1A18B4108C8E3CE0,application/x-www-form-urlencoded,Connection: close,Content-Length: 146,id=2&nombre=Jam%F3n+Ib%E9rico&precio=85&cantidad=%27%3B+DROP+TABLE+usuarios%3B+SELECT+*+FROM+datos+WHERE+nombre+LIKE+%27%25&B1=A%F1adir+al+carrito,http://localhost:8080/tienda1/publico/anadir.jsp HTTP/1.1
Anomalous,POST,Mozilla/5.0 (compatible; Konqueror/3.5; Linux) KHTML/3.5.8 (like Gecko),no-cache,no-cache,"text/xml,application/xml,application/xhtml+xml,text/html;q=0.9,text/plain;q=0.8,image/png,*/*;q=0.5","x-gzip, x-deflate, gzip, deflate","utf-8, utf-8;q=0.5, *;q=0.5",en,localhost:8080,JSESSIONID=3B654D6DF7F1466EE80D7F756B00E5D1,application/x-www-form-urlencoded,Connection: close,Content-Length: 77,id=2%2F&nombre=Jam%F3n+Ib%E9rico&precio=85&cantidad=49&B1=A%F1adir+al+carrito,http://localhost:8080/tienda1/publico/anadir.jsp HTTP/1.1
Normal,POST,Mozilla/5.0 (compatible; Konqueror/3.5; Linux) KHTML/3.5.8 (like Gecko),no-cache,no-cache,"text/xml,application/xml,application/xhtml+xml,text/html;q=0.9,text/plain;q=0.8,image/png,*/*;q=0.5","x-gzip, x-deflate, gzip, deflate","utf-8, utf-8;q=0.5, *;q=0.5",en,localhost:8080,JSESSIONID=417DBC69B2F909CCD574CFC69F56779F,application/x-www-form-urlencoded,Connection: close,Content-Length: 4,id=2,http://localhost:8080/tienda1/publico/caracteristicas.jsp HTTP/1.1
Anomalous,GET,Mozilla/5.0 (compatible; Konqueror/3.5; Linux) KHTML/3.5.8 (like Gecko),no-cache,no-cache,"text/xml,application/xml,application/xhtml+xml,text/html;q=0.9,text/plain;q=0.8,image/png,*/*;q=0.5","x-gzip, x-deflate, gzip, deflate","utf-8, utf-8;q=0.5, *;q=0.5",en,localhost:8080,JSESSIONID=AC0EEEDD09663CB36C67DD1B787B0CF5,,close,,,http://localhost:8080/tienda1/publico/autenticar.jsp?modo=entrar&login=bob%40%3CSCRipt%3Ealert%28Paros%29%3C%2FscrIPT%3E.parosproxy.org&pwd=84m3ri156&remember=on&B1=Entrar HTTP/1.1
Normal,GET,Mozilla/5.0 (compatible; Konqueror/3.5; Linux) KHTML/3.5.8 (like Gecko),no-cache,no-cache,"text/xml,application/xml,application/xhtml+xml,text/html;q=0.9,text/plain;q=0.8,image/png,*/*;q=0.5","x-gzip, x-deflate, gzip, deflate","utf-8, utf-8;q=0.5, *;q=0.5",en,localhost:8080,JSESSIONID=1F767F17239C9B670A39E9B10C3825F4,,close,,,http://localhost:8080/tienda1/index.jsp HTTP/1.1
Anomalous,GET,Mozilla/5.0 (compatible; Konqueror/3.5; Linux) KHTML/3.5.8 (like Gecko),no-cache,no-cache,"text/xml,application/xml,application/xhtml+xml,text/html;q=0.9,text/plain;q=0.8,image/png,*/*;q=0.5","x-gzip, x-deflate, gzip, deflate","utf-8, utf-8;q=0.5, *;q=0.5",en,localhost:8080,JSESSIONID=51A7470173188BBB993947F2283059E4,,close,,,http://localhost:8080/asf-logo-wide.gif~ HTTP/1.1
Normal,POST,Mozilla/5.0 (compatible; Konqueror/3.5; Linux) KHTML/3.5.8 (like Gecko),no-cache,no-cache,"text/xml,application/xml,application/xhtml+xml,text/html;q=0.9,text/plain;q=0.8,image/png,*/*;q=0.5","x-gzip, x-deflate, gzip, deflate","utf-8, utf-8;q=0.5, *;q=0.5",en,localhost:8080,JSESSIONID=933185092E0B668B90676E0A2B0767AF,application/x-www-form-urlencoded,Connection: close,Content-Length: 68,id=3&nombre=Vino+Rioja&precio=100&cantidad=55&B1=A%F1adir+al+carrito,http://localhost:8080/tienda1/publico/anadir.jsp HTTP/1.1
